"","V1","V2","V3","V4","V5","V6","V7","V8","V9","V10","V11","V12"
"exp_label","pre 1","1-1","post 1-1","1-2","post 1-2","pre 2","2-1","2-2","2-3","2-4","2-5","post 2"
"MARG_allDay_total_peak","0.8836099","0.9122864","1.2234373","1.2725905","0.8556834","1.3216637","1.0372222","1.4252683","1.3738594","1.1632377","1.7329821","1.7878028"
"MARG_allDay_total_avg","0.6662339","0.5611257","0.7755001","0.6257158","0.6181438","0.8495596","0.7774886","0.9243852","0.9259432","0.8835998","1.1219836","1.1859376"
"MARG_allDay_total_base","0.4093796","0.3247626","0.4368677","0.2585021","0.3659904","0.4391687","0.5252315","0.5637805","0.6054286","0.6247143","0.6711250","0.7214966"
"MARG_allDay_total_woHVAC_peak","0.8001900","0.6570125","0.8132459","0.6944032","0.7406015","0.8136154","0.9148981","0.9499756","0.9661390","1.0799190","1.0507143","1.0433057"
"MARG_allDay_total_woHVAC_avg","0.6305403","0.4851404","0.6204369","0.4709499","0.5589921","0.6314544","0.7325270","0.7695530","0.7948541","0.8523980","0.8681342","0.8604457"
"MARG_allDay_total_woHVAC_base","0.4002521","0.3155015","0.4234551","0.2485874","0.3551588","0.4257573","0.5149352","0.5516341","0.5944762","0.6140238","0.6560357","0.6769715"
"MARG_allDay_total_woETC_peak","0.7878177","0.8300691","1.1559603","1.2170334","0.7862230","1.2339902","0.9312315","1.3297805","1.2648142","1.0359759","1.5928393","1.6272243"
"MARG_allDay_total_woETC_avg","0.5757224","0.4936223","0.7115420","0.5825660","0.5553313","0.7676291","0.6767916","0.8323013","0.8231881","0.7771317","0.9931566","1.0223280"
"MARG_allDay_total_woETC_base","0.3243948","0.2750913","0.3825061","0.2245541","0.3115355","0.3671441","0.4325370","0.4807195","0.5114762","0.5390810","0.5547321","0.5662442"
"MARG_allDay_computer_peak","0.4586782","0.4595480","0.5144829","0.3999748","0.4527340","0.4752612","0.5540926","0.6040732","0.6200613","0.6783374","0.6747679","0.6205935"
"MARG_allDay_computer_avg","0.3778389","0.3542634","0.4166120","0.2799939","0.3565501","0.3926713","0.4734347","0.5133314","0.5425164","0.5900421","0.5824484","0.5305861"
"MARG_allDay_computer_base","0.3052812","0.2657652","0.3345611","0.1815713","0.2732994","0.3253890","0.4066389","0.4388902","0.4799286","0.5094571","0.4959464","0.4542670"
"MARG_allDay_light_peak","0.2579291","0.1446609","0.2484207","0.2695187","0.2349850","0.2681444","0.2741759","0.2618254","0.2432857","0.2462315","0.2529643","0.2570932"
"MARG_allDay_light_avg","0.16218997","0.06337363","0.13986690","0.14780620","0.13954178","0.15685258","0.15839525","0.16413772","0.14958255","0.13578196","0.15685883","0.16624997"
"MARG_allDay_light_base","0.007396919","0.000000000","0.022838817","0.027794357","0.021731116","0.020467970","0.011287037","0.023768293","0.013666667","0.004042857","0.027071429","0.048875401"
"MARG_allDay_hvac_peak","0.09166240","0.29633943","0.47908508","0.61464186","0.11586298","0.54902554","0.14003704","0.53229268","0.45342857","0.09753994","0.78294643","0.89708470"
"MARG_allDay_hvac_avg","0.03569355","0.07598524","0.15506317","0.15476586","0.05915175","0.21810524","0.04496163","0.15483224","0.13108916","0.03120177","0.25384945","0.32549192"
"MARG_allDay_hvac_base","0.008993903","0.009011286","0.008788467","0.009878357","0.009897606","0.009976879","0.009972222","0.010000000","0.009976190","0.009976190","0.009964286","0.009514441"
"MARG_workingday_total_peak","0.9381089","0.8953824","1.2705793","0.9143839","0.9148286","1.4753309","1.1524324","1.4061296","1.4870364","1.2577347","1.8504474","1.8127163"
"MARG_workingday_total_avg","0.7037912","0.5864260","0.8031354","0.6083768","0.6774119","0.9584984","0.8532940","0.9648550","0.9836581","0.9583976","1.1795559","1.2000042"
"MARG_workingday_total_base","0.4181886","0.3265720","0.4492614","0.2673105","0.3887211","0.4543519","0.5349865","0.5815926","0.5989000","0.6376985","0.6907632","0.7376589"
"MARG_workingday_total_woHVAC_peak","0.8467420","0.7375572","0.8747204","0.7592627","0.8245907","0.8999849","1.0072568","1.0582778","1.0553945","1.1950221","1.1513947","1.1174497"
"MARG_workingday_total_woHVAC_avg","0.6729023","0.5318200","0.6631992","0.5142929","0.6247370","0.6936120","0.7999980","0.8485893","0.8486770","0.9289038","0.9320371","0.9034224"
"MARG_workingday_total_woHVAC_base","0.4090599","0.3173744","0.4343213","0.2573899","0.3776027","0.4395387","0.5246486","0.5685000","0.5875667","0.6272647","0.6757895","0.6854020"
"MARG_workingday_total_woETC_peak","0.8430497","0.8070987","1.1988325","0.8533668","0.8414978","1.3859563","1.0434865","1.3082593","1.3774398","1.1202937","1.7022895","1.6487167"
"MARG_workingday_total_woETC_avg","0.6141265","0.5149249","0.7354931","0.5627999","0.6121606","0.8753465","0.7509627","0.8705039","0.8799772","0.8476207","1.0411579","1.0312396"
"MARG_workingday_total_woETC_base","0.3339127","0.2745809","0.3928173","0.2380852","0.3322898","0.3811251","0.4412568","0.4962963","0.5032667","0.5511324","0.5724211","0.5793133"
"MARG_workingday_computer_peak","0.5048359","0.5111241","0.5600308","0.4476945","0.5144363","0.5243397","0.6039189","0.6676667","0.6607858","0.7420504","0.7208158","0.6497254"
"MARG_workingday_computer_avg","0.4033399","0.3785342","0.4373146","0.2988111","0.3915717","0.4179092","0.4965610","0.5467374","0.5596945","0.6269875","0.6077041","0.5353214"
"MARG_workingday_computer_base","0.3108507","0.2653227","0.3341793","0.1853601","0.2848150","0.3306615","0.4084865","0.4476852","0.4776000","0.5187794","0.5080263","0.4377143"
"MARG_workingday_light_peak","0.2631000","0.1782280","0.2638838","0.2923708","0.2596709","0.3087686","0.3178243","0.3086423","0.2923000","0.2865927","0.2924474","0.2938504"
"MARG_workingday_light_avg","0.17989774","0.08178464","0.15824234","0.16990491","0.16778632","0.19255086","0.20110586","0.20750079","0.18530168","0.17238314","0.18593505","0.19933629"
"MARG_workingday_light_base","0.010919262","0.000000000","0.028695864","0.038912100","0.028168449","0.025146902","0.016472973","0.028907407","0.006466667","0.006242647","0.026157895","0.065482157"
"MARG_workingday_hvac_peak","0.09733721","0.22116340","0.48340711","0.19603590","0.09112133","0.62174625","0.17344595","0.41648148","0.49440000","0.07604697","0.81994737","0.88772242"
"MARG_workingday_hvac_avg","0.03088885","0.05460608","0.13993623","0.09408391","0.05267495","0.26488643","0.05329592","0.11626569","0.13498107","0.02949378","0.24751882","0.29658182"
"MARG_workingday_hvac_base","0.008981262","0.008985400","0.008699682","0.009878100","0.009900471","0.009977389","0.009959459","0.010000000","0.009966667","0.009970588","0.009947368","0.009443528"
"MARG_non_workingday_total_peak","0.7691621","0.9545463","1.0937969","2.1681070","0.7259456","0.9770765","0.7864706","1.4621786","1.0909167","0.9895676","1.4850000","1.7266513"
"MARG_non_workingday_total_avg","0.5873636","0.4978748","0.6995029","0.6690632","0.4881364","0.6052726","0.6125006","0.8463363","0.7816562","0.7461335","1.0004421","1.1514105"
"MARG_non_workingday_total_base","0.3908806","0.3202390","0.4027852","0.2364810","0.3161294","0.4051216","0.5040000","0.5294286","0.6217500","0.6008514","0.6296667","0.6818255"
"MARG_non_workingday_total_woHVAC_peak","0.7024308","0.4556507","0.6441911","0.5322545","0.5563671","0.6199383","0.7138824","0.7411071","0.7430000","0.8683784","0.8381667","0.8613157"
"MARG_non_workingday_total_woHVAC_avg","0.5415801","0.3684416","0.5028407","0.3625925","0.4147775","0.4920707","0.5856783","0.6171257","0.6602969","0.7117928","0.7332280","0.7549574"
"MARG_non_workingday_total_woHVAC_base","0.3817558","0.3108192","0.3935729","0.2265813","0.3059271","0.3948537","0.4937941","0.5191071","0.6117500","0.5896892","0.6143333","0.6562786"
"MARG_non_workingday_total_woETC_peak","0.6718304","0.8874953","1.0380618","2.1261998","0.6649749","0.8932178","0.6869118","1.3712857","0.9832500","0.8810135","1.3617778","1.5744705"
"MARG_non_workingday_total_woETC_avg","0.4950738","0.4403658","0.6456765","0.6319812","0.4306734","0.5260810","0.5153603","0.7586250","0.6812153","0.6475843","0.8918206","1.0004543"
"MARG_non_workingday_total_woETC_base","0.3044072","0.2763672","0.3541503","0.1907265","0.2660100","0.3357928","0.4135588","0.4506786","0.5320000","0.5169324","0.5173889","0.5341655"
"MARG_non_workingday_computer_peak","0.3617472","0.3306077","0.3892262","0.2806755","0.3173871","0.3652065","0.4456471","0.4814286","0.5182500","0.5612432","0.5775556","0.5490877"
"MARG_non_workingday_computer_avg","0.3242868","0.2935865","0.3596798","0.2329510","0.2797284","0.3360772","0.4231011","0.4489055","0.4995712","0.5221424","0.5291308","0.5189631"
"MARG_non_workingday_computer_base","0.2935852","0.2668715","0.3356109","0.1720993","0.2480393","0.3135658","0.4026176","0.4219286","0.4857500","0.4923243","0.4704444","0.4948964"
"MARG_non_workingday_light_peak","0.24707030","0.06074325","0.20589731","0.21238850","0.18083508","0.17704769","0.17917647","0.17153571","0.12075000","0.17205405","0.16961111","0.16687089"
"MARG_non_workingday_light_avg","0.12500364","0.01734611","0.08933445","0.09255942","0.07758602","0.07680190","0.06543689","0.08050893","0.06028472","0.06851492","0.09547569","0.08503809"
"MARG_non_workingday_light_base","0.000000000","0.000000000","0.006731938","0.000000000","0.007610516","0.009975818","0.000000000","0.013857143","0.031666667","0.000000000","0.029000000","0.008113364"
"MARG_non_workingday_hvac_peak","0.07974530","0.48427950","0.46719950","1.66115675","0.17013500","0.38595487","0.06732353","0.75564286","0.35100000","0.13704054","0.70483333","0.92006484"
"MARG_non_workingday_hvac_avg","0.04578343","0.12943315","0.19666224","0.30647072","0.07335894","0.11320196","0.02682230","0.22921057","0.12135937","0.03434077","0.26721412","0.39645307"
"MARG_non_workingday_hvac_base","0.009020450","0.009076000","0.009032625","0.009879000","0.009891323","0.009975735","0.010000000","0.010000000","0.010000000","0.009986486","0.010000000","0.009688500"
"HCC_allDay_total_peak","0.5431871","0.5020989","0.7643619","0.6963554","0.6202632","0.5956880","0.6570093","0.6581951","0.6304048","0.5515970","0.5962321","0.6187057"
"HCC_allDay_total_avg","0.3743691","0.3571583","0.4782808","0.4327429","0.4418041","0.4498870","0.4956474","0.4809333","0.4465993","0.3849789","0.4377780","0.4515615"
"HCC_allDay_total_base","0.1855757","0.2112525","0.1804871","0.1529381","0.2324066","0.2678363","0.2838704","0.2707683","0.2178571","0.2108000","0.2264464","0.2302540"
"HCC_allDay_total_woHVAC_peak","0.5417850","0.5006799","0.7618295","0.6922697","0.6171284","0.5880227","0.6533981","0.6531463","0.6245476","0.5482885","0.5876786","0.6062491"
"HCC_allDay_total_woHVAC_avg","0.3729497","0.3557131","0.4760627","0.4301702","0.4392397","0.4449695","0.4927248","0.4768099","0.4411727","0.3821242","0.4313341","0.4418061"
"HCC_allDay_total_woHVAC_base","0.1841358","0.2097805","0.1791113","0.1513435","0.2305713","0.2654127","0.2816574","0.2671829","0.2144762","0.2086762","0.2235179","0.2245578"
"HCC_allDay_total_woETC_peak","0.4961601","0.4693716","0.7301601","0.6597439","0.5817278","0.5604791","0.6150370","0.6175976","0.6062143","0.5160762","0.5574643","0.5947206"
"HCC_allDay_total_woETC_avg","0.3301868","0.3247042","0.4445208","0.3970234","0.4056308","0.4156172","0.4539133","0.4411560","0.4236731","0.3508762","0.4014421","0.4282706"
"HCC_allDay_total_woETC_base","0.1429530","0.1817403","0.1480044","0.1188686","0.1983989","0.2349081","0.2429907","0.2317927","0.1960714","0.1788619","0.1919107","0.2079114"
"HCC_allDay_computer_peak","0.1934520","0.1923181","0.2120875","0.2933199","0.2602436","0.2648265","0.3189352","0.3243049","0.2948810","0.2617546","0.2767143","0.2587741"
"HCC_allDay_computer_avg","0.1387872","0.1432658","0.1480419","0.1876601","0.1954553","0.2154345","0.2609064","0.2599368","0.2292458","0.2093798","0.2166736","0.1988590"
"HCC_allDay_computer_base","0.09946563","0.10893514","0.10096545","0.11464093","0.14707554","0.17570125","0.21506481","0.20769512","0.18100000","0.16866464","0.16941071","0.15269562"
"HCC_allDay_light_peak","0.3179839","0.2896960","0.3034481","0.2959014","0.3290993","0.3056289","0.3161852","0.3008780","0.3179799","0.2626381","0.2927552","0.3342750"
"HCC_allDay_light_avg","0.1899279","0.1799932","0.2028236","0.1883611","0.2051546","0.1951798","0.1898313","0.1766661","0.1887627","0.1367851","0.1781527","0.2195096"
"HCC_allDay_light_base","0.037685694","0.065356214","0.035268550","0.002892857","0.044293914","0.050437110","0.019388889","0.016695122","0.008095238","0.005204762","0.018178571","0.046638586"
"HCC_allDay_hvac_peak","0.001472129","0.001496786","0.003027467","0.003863143","0.004459040","0.012338028","0.004444444","0.008378049","0.011238095","0.005080952","0.013733946","0.015973059"
"HCC_allDay_hvac_avg","0.001419389","0.001445287","0.002218070","0.002572726","0.002564481","0.004917439","0.002922647","0.004123424","0.005426532","0.002854671","0.006443937","0.009755339"
"HCC_allDay_hvac_base","0.001367387","0.001393500","0.001318250","0.001552286","0.001696308","0.001927297","0.002000000","0.002000000","0.002000000","0.001732629","0.002464286","0.003544342"
"HCC_workingday_total_peak","0.5844016","0.5461406","0.7570995","0.7069457","0.6757133","0.6474106","0.7114865","0.7120926","0.6850333","0.6394926","0.6383158","0.6534874"
"HCC_workingday_total_avg","0.4091722","0.4046114","0.4797359","0.4848124","0.4943221","0.4967799","0.5452807","0.5335381","0.4966772","0.4534140","0.4769689","0.4843956"
"HCC_workingday_total_base","0.1997709","0.2452909","0.1870586","0.1607367","0.2480330","0.2888379","0.2932162","0.2839074","0.2278000","0.2176691","0.2392368","0.2462092"
"HCC_workingday_total_woHVAC_peak","0.5830134","0.5447396","0.7555556","0.7048534","0.6738428","0.6400236","0.7084730","0.7090000","0.6805000","0.6363897","0.6305789","0.6417960"
"HCC_workingday_total_woHVAC_avg","0.4077574","0.4031743","0.4781546","0.4828557","0.4921992","0.4917318","0.5426859","0.5302804","0.4913626","0.4504959","0.4710669","0.4746503"
"HCC_workingday_total_woHVAC_base","0.1983260","0.2438279","0.1857018","0.1591482","0.2462793","0.2862619","0.2912027","0.2801111","0.2240000","0.2155074","0.2371053","0.2403323"
"HCC_workingday_total_woETC_peak","0.5382864","0.5126757","0.7223865","0.6700417","0.6365164","0.6121418","0.6688108","0.6718333","0.6607333","0.6033676","0.5967368","0.6292818"
"HCC_workingday_total_woETC_avg","0.3663432","0.3719393","0.4458640","0.4488437","0.4578091","0.4625564","0.5035697","0.4940115","0.4735778","0.4190412","0.4386181","0.4611275"
"HCC_workingday_total_woETC_base","0.1581729","0.2157308","0.1550412","0.1263046","0.2135712","0.2558159","0.2520541","0.2449444","0.2061667","0.1853162","0.2026579","0.2238385"
"HCC_workingday_computer_peak","0.2215548","0.2182769","0.2249943","0.3410774","0.2924188","0.2874346","0.3444865","0.3555185","0.3236000","0.2936838","0.3040789","0.2796159"
"HCC_workingday_computer_avg","0.1506824","0.1565661","0.1561986","0.2110121","0.2104376","0.2259607","0.2743527","0.2774793","0.2450018","0.2255040","0.2303853","0.2103169"
"HCC_workingday_computer_base","0.1011647","0.1143880","0.1024447","0.1210390","0.1493816","0.1768039","0.2183919","0.2100741","0.1858667","0.1710410","0.1721053","0.1553783"
"HCC_workingday_light_peak","0.3367303","0.3106651","0.3220111","0.3510885","0.3587232","0.3403603","0.3515000","0.3294815","0.3484385","0.3235441","0.3086656","0.3514970"
"HCC_workingday_light_avg","0.2141689","0.2139360","0.2169117","0.2358011","0.2428688","0.2314544","0.2262530","0.2126655","0.2229282","0.1880530","0.2020775","0.2409206"
"HCC_workingday_light_base","0.049522000","0.091498700","0.037318182","0.004049500","0.055110485","0.067830807","0.024513514","0.025351852","0.011333333","0.008036765","0.026789474","0.059137176"
"HCC_workingday_hvac_peak","0.001470976","0.001495500","0.001502432","0.001768200","0.002891824","0.012746189","0.003554054","0.006537037","0.010900000","0.005411765","0.013502658","0.015791926"
"HCC_workingday_hvac_avg","0.001414782","0.001437096","0.001581295","0.001956654","0.002122867","0.005048175","0.002594876","0.003257637","0.005314506","0.002918158","0.005902030","0.009745273"
"HCC_workingday_hvac_base","0.001358119","0.001379900","0.001292932","0.001544700","0.001708110","0.001929010","0.002000000","0.002000000","0.002000000","0.001830596","0.002000000","0.003539306"
"HCC_non_workingday_total_peak","0.4566365","0.3919948","0.7843335","0.6698797","0.4986308","0.4797042","0.5384412","0.5542500","0.4938333","0.3900590","0.5073889","0.5333327"
"HCC_non_workingday_total_avg","0.3012827","0.2385258","0.4742793","0.3025691","0.3266036","0.3447331","0.3876219","0.3794814","0.3214045","0.2592061","0.3550417","0.3709686"
"HCC_non_workingday_total_base","0.1557657","0.1261565","0.1624156","0.1334415","0.1981295","0.2207419","0.2635294","0.2454286","0.1930000","0.1981757","0.1994444","0.1910912"
"HCC_non_workingday_total_woHVAC_peak","0.4552056","0.3905305","0.7790829","0.6608105","0.4927225","0.4714148","0.5335294","0.5454286","0.4846667","0.3863728","0.4971111","0.5189976"
"HCC_non_workingday_total_woHVAC_avg","0.2998536","0.2370600","0.4703101","0.2984562","0.3230704","0.3401088","0.3839859","0.3736882","0.3156979","0.2564681","0.3474537","0.3611885"
"HCC_non_workingday_total_woHVAC_base","0.1543364","0.1246620","0.1609872","0.1318317","0.1961150","0.2186600","0.2608824","0.2422500","0.1906667","0.1961216","0.1948333","0.1858387"
"HCC_non_workingday_total_woETC_peak","0.4076948","0.3611115","0.7515376","0.6339995","0.4615465","0.4446294","0.4980000","0.5130000","0.4699167","0.3556486","0.4745556","0.5098887"
"HCC_non_workingday_total_woETC_avg","0.2542583","0.2066166","0.4408273","0.2674726","0.2911752","0.3103596","0.3458376","0.3392202","0.2989115","0.2256000","0.3229595","0.3476219"
"HCC_non_workingday_total_woETC_base","0.1109911","0.0967640","0.1286531","0.1002785","0.1651177","0.1880239","0.2232647","0.2064286","0.1708333","0.1670000","0.1692222","0.1688176"
"HCC_non_workingday_computer_peak","0.1344359","0.1274212","0.1765939","0.1739260","0.1896658","0.2141295","0.2633235","0.2641071","0.2230833","0.2030738","0.2189444","0.2076169"
"HCC_non_workingday_computer_avg","0.1138074","0.1100148","0.1256111","0.1292801","0.1625908","0.1918303","0.2316409","0.2261049","0.1898559","0.1797462","0.1877269","0.1707350"
"HCC_non_workingday_computer_base","0.09589755","0.09530300","0.09689750","0.09864575","0.14201708","0.17322875","0.20782353","0.20310714","0.16883333","0.16429730","0.16372222","0.14611095"
"HCC_non_workingday_light_peak","0.2786165","0.2372732","0.2523999","0.1579337","0.2641179","0.2277464","0.2393235","0.2457143","0.2418333","0.1507027","0.2591667","0.2920029"
"HCC_non_workingday_light_avg","0.13902179","0.09513606","0.16408112","0.06976129","0.12242649","0.11383695","0.11056066","0.10723884","0.10334896","0.04256292","0.12764468","0.16695516"
"HCC_non_workingday_light_base","0.012829450","0.000000000","0.029632063","0.000001250","0.020567242","0.011433061","0.008235294","0.000000000","0.000000000","0.000000000","0.000000000","0.015960227"
"HCC_non_workingday_hvac_peak","0.001474550","0.001500000","0.007221312","0.009100500","0.007896806","0.011422758","0.006382353","0.011928571","0.012083333","0.004472973","0.014222222","0.016417659"
"HCC_non_workingday_hvac_avg","0.001429064","0.001465766","0.003969202","0.004112906","0.003533181","0.004624271","0.003636029","0.005793155","0.005706597","0.002737992","0.007587963","0.009780047"
"HCC_non_workingday_hvac_base","0.001386850","0.001427500","0.001387875","0.001571250","0.001670419","0.001923455","0.002000000","0.002000000","0.002000000","0.001552581","0.003444444","0.003556705"
"UX_allDay_total_peak","0.4065617","0.3840271","0.4020641","0.4865019","0.4916837","0.4800479","0.4348611","0.5223171","0.5911667","0.4165095","0.3678750","0.4227821"
"UX_allDay_total_avg","0.2539659","0.2250667","0.2139116","0.2812253","0.2975074","0.3037839","0.2734597","0.3197191","0.3336369","0.2581456","0.2327807","0.2585360"
"UX_allDay_total_base","0.10228011","0.07723779","0.07180127","0.10096379","0.13235218","0.13113894","0.13968519","0.12693902","0.13523810","0.11460000","0.12121429","0.11613751"
"UX_allDay_total_woHVAC_peak","0.4056025","0.3830820","0.4001827","0.4833190","0.4875797","0.4747988","0.4307500","0.5165000","0.5872381","0.4137143","0.3629107","0.4149528"
"UX_allDay_total_woHVAC_avg","0.2528467","0.2239360","0.2120400","0.2775092","0.2936992","0.2997446","0.2700753","0.3144822","0.3300523","0.2555456","0.2296490","0.2532679"
"UX_allDay_total_woHVAC_base","0.10095937","0.07592079","0.07043812","0.09915529","0.12941189","0.12853519","0.13701852","0.12351220","0.13211905","0.11212381","0.11921429","0.11331651"
"UX_allDay_total_woETC_peak","0.3800351","0.3540063","0.3723137","0.4456257","0.4584858","0.4538355","0.4029815","0.4841829","0.5368095","0.3743000","0.3186071","0.3590540"
"UX_allDay_total_woETC_avg","0.2332253","0.2055070","0.1902646","0.2505798","0.2730007","0.2837862","0.2468659","0.2879991","0.2950544","0.2242837","0.1918942","0.2047624"
"UX_allDay_total_woETC_base","0.08677390","0.06368600","0.05214772","0.07558179","0.11260804","0.11624928","0.11718519","0.10103659","0.10466667","0.08809048","0.08775000","0.07076534"
"UX_allDay_computer_peak","0.1297064","0.1180630","0.1082142","0.1735542","0.1633902","0.1660881","0.1605648","0.1735000","0.1839048","0.1613190","0.1680179","0.1347896"
"UX_allDay_computer_avg","0.09884102","0.08217708","0.07366055","0.11190804","0.11304316","0.11770319","0.12007152","0.12078785","0.12534728","0.10991537","0.11685440","0.08929614"
"UX_allDay_computer_base","0.07343466","0.05746736","0.04662640","0.07179857","0.07670589","0.08409329","0.09121242","0.08253249","0.07921429","0.07094843","0.07875000","0.05612776"
"UX_allDay_light_peak","0.2608996","0.2565414","0.2548560","0.2920524","0.2898566","0.2953006","0.2605556","0.2647317","0.2088571","0.2113429","0.1616525","0.2384870"
"UX_allDay_light_avg","0.13326508","0.11446003","0.10845528","0.13110031","0.14958582","0.15934042","0.12340992","0.13174245","0.11133976","0.10290493","0.07190804","0.11018944"
"UX_allDay_light_base","0.006086484","0.000000000","0.000000000","0.000000000","0.025862177","0.022885250","0.018000000","0.008609756","0.016976190","0.008652381","0.002392857","0.008201414"
"UX_allDay_hvac_peak","0.001339468","0.001359786","0.003402883","0.008443571","0.007727535","0.008810313","0.006287037","0.009835000","0.006738095","0.004519048","0.005535714","0.011586993"
"UX_allDay_hvac_avg","0.001119218","0.001130746","0.001871618","0.003716140","0.003808141","0.004039264","0.003384454","0.005236893","0.003584621","0.002599951","0.003131716","0.005268023"
"UX_allDay_hvac_base","0.0009531935","0.0009472143","0.0009695833","0.0017740000","0.0018374040","0.0019579346","0.0020000000","0.0024878049","0.0020000000","0.0019077952","0.0019285714","0.0016050000"
"UX_workingday_total_peak","0.4423521","0.4216182","0.4277010","0.6045890","0.5756606","0.5476973","0.4740946","0.5955000","0.6776333","0.5080588","0.4177368","0.4987559"
"UX_workingday_total_avg","0.2761424","0.2511726","0.2309390","0.3363641","0.3471820","0.3480950","0.3065947","0.3592536","0.3945069","0.3122308","0.2642530","0.3048766"
"UX_workingday_total_base","0.10254845","0.08174160","0.07249136","0.10239520","0.13913595","0.13911406","0.15063514","0.13248148","0.14766667","0.12395588","0.12807895","0.12520030"
"UX_workingday_total_woHVAC_peak","0.4414195","0.4207029","0.4264706","0.6027664","0.5724749","0.5428993","0.4703649","0.5907963","0.6735333","0.5054412","0.4134211","0.4908787"
"UX_workingday_total_woHVAC_avg","0.2750532","0.2500798","0.2294734","0.3328992","0.3436261","0.3440005","0.3034077","0.3549880","0.3905732","0.3094841","0.2612842","0.2991813"
"UX_workingday_total_woHVAC_base","0.10123164","0.08044000","0.07109864","0.10058640","0.13610002","0.13642134","0.14782432","0.12961111","0.14426667","0.12119853","0.12613158","0.12195027"
"UX_workingday_total_woETC_peak","0.4173538","0.3886947","0.3980768","0.5583791","0.5387577","0.5181291","0.4389595","0.5538519","0.6159333","0.4591985","0.3641053","0.4287816"
"UX_workingday_total_woETC_avg","0.2551054","0.2301027","0.2081646","0.3036177","0.3206223","0.3263333","0.2783721","0.3254870","0.3532213","0.2755148","0.2202190","0.2467376"
"UX_workingday_total_woETC_base","0.08711193","0.06809000","0.05382511","0.07666550","0.11868682","0.12376822","0.12783784","0.10655556","0.11720000","0.09760294","0.09400000","0.07782531"
"UX_workingday_computer_peak","0.1371993","0.1210278","0.1101297","0.1978349","0.1839004","0.1839843","0.1725000","0.1979630","0.2159667","0.1882941","0.1887895","0.1524319"
"UX_workingday_computer_avg","0.10246812","0.08537417","0.07652767","0.12079993","0.12176817","0.12535576","0.12591378","0.13201003","0.14083064","0.12225306","0.12695977","0.09764351"
"UX_workingday_computer_base","0.07497183","0.06175340","0.04772730","0.07255650","0.07875982","0.08598286","0.09376947","0.08566044","0.08263333","0.07370588","0.08307895","0.05825958"
"UX_workingday_light_peak","0.2886950","0.2939878","0.2953898","0.3910833","0.3541262","0.3443967","0.2907703","0.3305556","0.2526667","0.2793015","0.1948826","0.2968608"
"UX_workingday_light_avg","0.15154809","0.13584314","0.12768759","0.17395554","0.18697355","0.19325034","0.14927140","0.16747349","0.14623747","0.14277600","0.09029047","0.14338643"
"UX_workingday_light_base","0.003850214","0.000000000","0.000000000","0.000000000","0.027308471","0.026486932","0.024864865","0.013074074","0.023766667","0.012933824","0.003526316","0.011542731"
"UX_workingday_hvac_peak","0.001335262","0.001353300","0.002473659","0.007997800","0.007830757","0.009227993","0.006270270","0.009045741","0.008166667","0.005007353","0.004631579","0.012201120"
"UX_workingday_hvac_avg","0.001089148","0.001092767","0.001465502","0.003464875","0.003555890","0.004094514","0.003186939","0.004265590","0.003933747","0.002746740","0.002968779","0.005695298"
"UX_workingday_hvac_base","0.0009273571","0.0009217000","0.0009106364","0.0017686000","0.0018330221","0.0019546554","0.0020000000","0.0019629630","0.0020000000","0.0019240588","0.0018947368","0.0016013056"
"UX_non_workingday_total_peak","0.3314016","0.2900493","0.3315629","0.1912843","0.3074763","0.3283491","0.3494706","0.3811786","0.3750000","0.2482568","0.2626111","0.2363011"
"UX_non_workingday_total_avg","0.2073954","0.1598022","0.1670865","0.1433786","0.1885437","0.2044195","0.2013425","0.2434740","0.1814618","0.1587456","0.1663391","0.1447907"
"UX_non_workingday_total_base","0.10171660","0.06597825","0.06990350","0.09738525","0.11747165","0.11325536","0.11585294","0.11625000","0.10416667","0.09740541","0.10672222","0.09389250"
"UX_non_workingday_total_woHVAC_peak","0.3303867","0.2890297","0.3278911","0.1847005","0.3013580","0.3220887","0.3445294","0.3732143","0.3715000","0.2451351","0.2562778","0.2285891"
"UX_non_workingday_total_woHVAC_avg","0.2062130","0.1585765","0.1640981","0.1390343","0.1841822","0.2005041","0.1975282","0.2363638","0.1787500","0.1564154","0.1628634","0.1405714"
"UX_non_workingday_total_woHVAC_base","0.10038760","0.06462275","0.06862169","0.09557750","0.11474115","0.11085111","0.11350000","0.11175000","0.10175000","0.09544595","0.10461111","0.09212457"
"UX_non_workingday_total_woETC_peak","0.3016658","0.2672852","0.3014653","0.1637423","0.2824055","0.3096618","0.3246765","0.3498214","0.3390000","0.2182703","0.2225556","0.1879043"
"UX_non_workingday_total_woETC_avg","0.1872773","0.1440178","0.1410394","0.1179849","0.1685403","0.1883777","0.1782935","0.2157009","0.1496372","0.1301292","0.1320972","0.1017323"
"UX_non_workingday_total_woETC_base","0.08606405","0.05267600","0.04753488","0.07287250","0.09927394","0.09938864","0.09400000","0.09039286","0.07333333","0.07060811","0.07455556","0.05343632"
"UX_non_workingday_computer_peak","0.11397125","0.11065100","0.10294650","0.11285250","0.11840003","0.12595710","0.13458824","0.12632143","0.10375000","0.11174324","0.12416667","0.09148573"
"UX_non_workingday_computer_avg","0.09122413","0.07418436","0.06577598","0.08967830","0.09390441","0.10054286","0.10735600","0.09914509","0.08663889","0.08724072","0.09552083","0.06880713"
"UX_non_workingday_computer_base","0.07020660","0.04675225","0.04359894","0.06990375","0.07220048","0.07985607","0.08564706","0.07650000","0.07066667","0.06588069","0.06961111","0.05089511"
"UX_non_workingday_light_peak","0.20252940","0.16292550","0.14338806","0.04447525","0.14887826","0.18520625","0.19479412","0.13778571","0.09933333","0.08644595","0.09150000","0.09520577"
"UX_non_workingday_light_avg","0.09487076","0.06100224","0.05556643","0.02396226","0.06757404","0.08330000","0.06712316","0.06283259","0.02409549","0.02962838","0.03310069","0.02870592"
"UX_non_workingday_light_base","0.0107826500","0.0000000000","0.0000000000","0.0000000000","0.0226896613","0.0148087500","0.0030588235","0.0000000000","0.0000000000","0.0007837838","0.0000000000","0.0000000000"
"UX_non_workingday_hvac_peak","0.001348300","0.001376000","0.005958250","0.009558000","0.007501113","0.007873697","0.006323529","0.011357143","0.003166667","0.003621622","0.007444444","0.010079591"
"UX_non_workingday_hvac_avg","0.001182365","0.001225693","0.002988438","0.004344302","0.004361468","0.003915368","0.003814338","0.007110119","0.002711806","0.002330177","0.003475694","0.004219257"
"UX_non_workingday_hvac_base","0.001007450","0.001011000","0.001131688","0.001787500","0.001847016","0.001965288","0.002000000","0.003500000","0.002000000","0.001877905","0.002000000","0.001614068"
"MARG_allDay_light_on_duration","17.17742","13.53571","19.55833","18.53571","16.79798","16.37383","15.13426","17.12195","15.72619","15.24762","18.61607","18.81250"
"MARG_workingday_light_on_duration","18.67857","15.75000","20.46591","21.10000","19.27941","19.02872","18.35811","19.96296","17.48333","18.12132","19.92105","20.81481"
"MARG_non_workingday_light_on_duration","14.025000"," 8.000000","17.062500","12.125000","11.354839","10.420455"," 8.117647","11.642857","11.333333"," 9.966216","15.861111","13.897727"
"HCC_allDay_light_on_duration","17.75000","16.82143","19.66667","16.64286","17.87626","18.07243","18.58796","17.02439","17.84524","14.61905","19.32143","19.56250"
"HCC_workingday_light_on_duration","19.21429","19.65000","20.20455","19.35000","20.33088","20.40203","19.87838","19.92593","19.45000","18.35294","20.92105","20.81019"
"HCC_non_workingday_light_on_duration","14.675000"," 9.750000","18.187500"," 9.875000","12.491935","12.848485","15.779412","11.428571","13.833333"," 7.756757","15.944444","16.500000"
"UX_allDay_light_on_duration","14.76613","14.21429","12.00000","11.96429","13.08838","15.16238","14.91667","14.43902","14.33333","13.77381","13.51786","13.28289"
"UX_workingday_light_on_duration","15.72619","15.60000","13.27273","14.35000","15.60662","17.52872","17.20946","17.27778","17.41667","17.50368","16.23684","16.24537"
"UX_non_workingday_light_on_duration","12.750000","10.750000"," 8.500000"," 6.000000"," 7.564516"," 9.856061"," 9.926471"," 8.964286"," 6.625000"," 6.918919"," 7.777778"," 6.011364"
"MARG_allDay_partial_light_on_ratio","0.4545667","0.9636804","0.7592784","0.7310221","0.6960612","0.5325235","0.3924665","0.4623404","0.3137515","0.6749419","0.7427893","0.7491082"
"MARG_workingday_partial_light_on_ratio","0.4167505","0.9491525","0.6773549","0.7359309","0.6677014","0.4823878","0.2783990","0.2780378","0.1725854","0.5982145","0.6766129","0.6507356"
"MARG_non_workingday_partial_light_on_ratio","0.5339809","1.0000000","0.9845679","0.7187500","0.7582699","0.6449490","0.6407310","0.8177809","0.6666667","0.8159546","0.8824951","0.9905682"
"HCC_allDay_partial_light_on_ratio","0.5467047","0.6616493","0.6917811","0.5219343","0.4792051","0.5599112","0.5383738","0.5819698","0.5184230","0.6646359","0.7005228","0.5123104"
"HCC_workingday_partial_light_on_ratio","0.4917381","0.5863091","0.5998400","0.3460926","0.4164980","0.4823471","0.4222084","0.5393724","0.4222435","0.5640093","0.6508913","0.4640050"
"HCC_non_workingday_partial_light_on_ratio","0.6621345","0.8500000","0.9446191","0.9615385","0.6167560","0.7338429","0.7912045","0.6641219","0.7588718","0.8495711","0.8053002","0.6308784"
"UX_allDay_partial_light_on_ratio","0.7089218","0.8232350","0.6319254","0.4286586","0.5240083","0.5625937","0.7634265","0.5435886","0.8467967","0.7289345","0.9448631","0.6708657"
"UX_workingday_partial_light_on_ratio","0.6547858","0.7525290","0.6130089","0.4001221","0.4605437","0.5078856","0.7148423","0.5760126","0.7855153","0.7238916","0.9713772","0.6446711"
"UX_non_workingday_partial_light_on_ratio","0.8226074","1.0000000","0.6839460","0.5000000","0.6632209","0.6852725","0.8691685","0.4810565","1.0000000","0.7382026","0.8888889","0.7351617"
"MARG_allDay_whole_day_ligit_on_count","0.2500000","0.0000000","1.8000000","0.0000000","0.4285714","0.6451613","0.2500000","1.2000000","0.6666667","0.0000000","1.0000000","1.0000000"
"MARG_workingday_whole_day_ligit_on_count","0.2500000","0.0000000","1.0000000","0.0000000","0.2857143","0.4516129","0.2500000","0.8000000","0.0000000","0.0000000","0.2500000","0.8181818"
"MARG_non_workingday_whole_day_ligit_on_count","0.0000000","0.0000000","0.8000000","0.0000000","0.1428571","0.1935484","0.0000000","0.4000000","0.6666667","0.0000000","0.7500000","0.1818182"
"HCC_allDay_whole_day_ligit_on_count","0.75000000","0.00000000","0.40000000","0.00000000","0.71428571","0.83870968","0.62500000","0.20000000","0.33333333","0.06666667","0.50000000","0.90909091"
"HCC_workingday_whole_day_ligit_on_count","0.50000000","0.00000000","0.40000000","0.00000000","0.64285714","0.77419355","0.25000000","0.20000000","0.33333333","0.06666667","0.50000000","0.72727273"
"HCC_non_workingday_whole_day_ligit_on_count","0.25000000","0.00000000","0.00000000","0.00000000","0.07142857","0.06451613","0.37500000","0.00000000","0.00000000","0.00000000","0.00000000","0.18181818"
"UX_allDay_whole_day_ligit_on_count","0.0000000","0.0000000","0.0000000","0.0000000","0.3571429","0.3548387","0.2500000","0.6000000","0.3333333","0.1333333","0.0000000","0.1818182"
"UX_workingday_whole_day_ligit_on_count","0.0000000","0.0000000","0.0000000","0.0000000","0.3571429","0.3225806","0.2500000","0.6000000","0.3333333","0.1333333","0.0000000","0.1818182"
"UX_non_workingday_whole_day_ligit_on_count","0.00000000","0.00000000","0.00000000","0.00000000","0.00000000","0.03225806","0.00000000","0.00000000","0.00000000","0.00000000","0.00000000","0.00000000"
"MARG_allDay_computer_lunch_time_saving_count","1.0000000","0.0000000","0.4000000","2.0000000","1.4285714","0.2903226","0.2500000","0.0000000","0.0000000","0.1333333","0.2500000","0.2727273"
"MARG_allDay_light_lunch_time_saving_count","1.0000000","2.0000000","0.4000000","0.0000000","0.3571429","0.1612903","0.5000000","0.2000000","0.3333333","0.5333333","1.2500000","0.2727273"
"MARG_workingday_computer_lunch_time_saving_count","1.0000000","0.0000000","0.4000000","2.0000000","1.4285714","0.2903226","0.2500000","0.0000000","0.0000000","0.1333333","0.2500000","0.2727273"
"MARG_workingday_light_lunch_time_saving_count","0.5000000","2.0000000","0.2000000","0.0000000","0.3571429","0.1612903","0.5000000","0.2000000","0.3333333","0.4666667","1.0000000","0.1818182"
"MARG_non_workingday_computer_lunch_time_saving_count","0","0","0","0","0","0","0","0","0","0","0","0"
"MARG_non_workingday_light_lunch_time_saving_count","0.50000000","0.00000000","0.20000000","0.00000000","0.00000000","0.00000000","0.00000000","0.00000000","0.00000000","0.06666667","0.25000000","0.09090909"
"HCC_allDay_computer_lunch_time_saving_count","3.750000","4.000000","2.400000","3.000000","2.857143","2.225806","1.750000","2.200000","1.000000","1.133333","2.000000","2.000000"
"HCC_allDay_light_lunch_time_saving_count","0.5000000","0.0000000","1.0000000","1.0000000","0.6428571","0.5483871","1.5000000","1.0000000","1.0000000","0.8666667","1.2500000","0.8181818"
"HCC_workingday_computer_lunch_time_saving_count","3.750000","4.000000","2.400000","3.000000","2.857143","2.225806","1.750000","2.200000","1.000000","1.133333","2.000000","2.000000"
"HCC_workingday_light_lunch_time_saving_count","0.2500000","0.0000000","1.0000000","1.0000000","0.5000000","0.3548387","1.5000000","0.4000000","1.0000000","0.7333333","0.7500000","0.6363636"
"HCC_non_workingday_computer_lunch_time_saving_count","0","0","0","0","0","0","0","0","0","0","0","0"
"HCC_non_workingday_light_lunch_time_saving_count","0.2500000","0.0000000","0.0000000","0.0000000","0.1428571","0.1935484","0.0000000","0.6000000","0.0000000","0.1333333","0.5000000","0.1818182"
"UX_allDay_computer_lunch_time_saving_count","5.250000","5.000000","6.600000","6.000000","4.714286","3.806452","3.375000","5.400000","4.000000","4.533333","3.250000","4.181818"
"UX_allDay_light_lunch_time_saving_count","1.0000000","0.0000000","0.8000000","0.0000000","1.1428571","1.1290323","0.7500000","1.2000000","0.3333333","1.0000000","0.7500000","1.2727273"
"UX_workingday_computer_lunch_time_saving_count","3.750000","3.000000","4.600000","4.000000","3.142857","2.838710","2.500000","3.600000","2.000000","2.733333","1.750000","2.363636"
"UX_workingday_light_lunch_time_saving_count","0.7500000","0.0000000","0.6000000","0.0000000","1.0000000","0.9677419","0.7500000","0.6000000","0.3333333","0.9333333","0.5000000","1.2727273"
"UX_non_workingday_computer_lunch_time_saving_count","1.5000000","2.0000000","2.0000000","2.0000000","1.5714286","0.9677419","0.8750000","1.8000000","2.0000000","1.8000000","1.5000000","1.8181818"
"UX_non_workingday_light_lunch_time_saving_count","0.25000000","0.00000000","0.20000000","0.00000000","0.14285714","0.16129032","0.00000000","0.60000000","0.00000000","0.06666667","0.25000000","0.00000000"
"MARG_allDay_hvac_on_duration","1.1370968","1.8928571","3.9500000","2.4642857","1.0126263","6.3247664","1.1759259","4.4024390","3.2857143","0.6761905","8.0357143","9.5625000"
"MARG_workingday_hvac_on_duration","0.9047619","1.2500000","3.3181818","2.0500000","0.9080882","7.6875000","1.5067568","2.9814815","3.4833333","0.6323529","8.0394737","9.0509259"
"MARG_non_workingday_hvac_on_duration"," 1.6250000"," 3.5000000"," 5.6875000"," 3.5000000"," 1.2419355"," 3.2689394"," 0.4558824"," 7.1428571"," 2.7916667"," 0.7567568"," 8.0277778","10.8181818"
"HCC_allDay_hvac_on_duration","0","0","0","0","0","0","0","0","0","0","0","0"
"HCC_workingday_hvac_on_duration","0","0","0","0","0","0","0","0","0","0","0","0"
"HCC_non_workingday_hvac_on_duration","0","0","0","0","0","0","0","0","0","0","0","0"
"UX_allDay_hvac_on_duration","0","0","0","0","0","0","0","0","0","0","0","0"
"UX_workingday_hvac_on_duration","0","0","0","0","0","0","0","0","0","0","0","0"
"UX_non_workingday_hvac_on_duration","0","0","0","0","0","0","0","0","0","0","0","0"
